size ,k, min, max, average
1, 0, 3, 3, 2 
2, 0, 5, 7, 5 
2, 1, 5, 7, 5 
3, 0, 7, 12, 8 
3, 1, 7, 12, 9 
3, 2, 7, 12, 8 
4, 0, 9, 18, 12 
4, 1, 9, 18, 12 
4, 2, 9, 18, 12 
4, 3, 9, 18, 11 
5, 0, 11, 25, 14 
5, 1, 11, 25, 16 
5, 2, 11, 25, 16 
5, 3, 11, 25, 16 
5, 4, 11, 22, 14 
6, 0, 13, 28, 17 
6, 1, 13, 30, 19 
6, 2, 13, 33, 20 
6, 3, 13, 33, 20 
6, 4, 13, 33, 20 
6, 5, 13, 28, 17 
7, 0, 15, 31, 20 
7, 1, 15, 35, 23 
7, 2, 15, 42, 24 
7, 3, 15, 42, 24 
7, 4, 15, 42, 23 
7, 5, 15, 39, 22 
7, 6, 15, 35, 20 
8, 0, 17, 45, 23 
8, 1, 17, 40, 26 
8, 2, 17, 46, 28 
8, 3, 17, 48, 30 
8, 4, 17, 47, 28 
8, 5, 17, 49, 27 
8, 6, 17, 44, 24 
8, 7, 17, 39, 22 
9, 0, 19, 42, 26 
9, 1, 19, 58, 28 
9, 2, 19, 54, 32 
9, 3, 19, 51, 33 
9, 4, 19, 53, 33 
9, 5, 19, 55, 33 
9, 6, 19, 50, 31 
9, 7, 19, 53, 28 
9, 8, 19, 42, 24 
10, 0, 21, 48, 27 
10, 1, 21, 54, 32 
10, 2, 21, 64, 36 
10, 3, 21, 61, 36 
10, 4, 21, 70, 38 
10, 5, 21, 63, 37 
10, 6, 21, 61, 37 
10, 7, 21, 75, 37 
10, 8, 21, 59, 31 
10, 9, 21, 52, 30 
11, 0, 23, 49, 32 
11, 1, 23, 61, 36 
11, 2, 23, 65, 38 
11, 3, 23, 68, 39 
11, 4, 23, 74, 40 
11, 5, 23, 63, 40 
11, 6, 23, 66, 38 
11, 7, 23, 65, 37 
11, 8, 23, 69, 37 
11, 9, 23, 68, 35 
11, 10, 23, 54, 32 
12, 0, 25, 54, 35 
12, 1, 25, 63, 39 
12, 2, 25, 60, 38 
12, 3, 25, 72, 44 
12, 4, 25, 74, 43 
12, 5, 25, 79, 44 
12, 6, 25, 68, 45 
12, 7, 25, 80, 44 
12, 8, 25, 80, 42 
12, 9, 25, 65, 41 
12, 10, 25, 68, 37 
12, 11, 25, 60, 37 
13, 0, 27, 85, 39 
13, 1, 27, 77, 43 
13, 2, 27, 71, 43 
13, 3, 27, 76, 48 
13, 4, 27, 85, 49 
13, 5, 27, 84, 48 
13, 6, 27, 77, 50 
13, 7, 27, 85, 49 
13, 8, 27, 85, 47 
13, 9, 27, 77, 47 
13, 10, 27, 75, 46 
13, 11, 27, 91, 40 
13, 12, 27, 71, 37 
14, 0, 29, 69, 42 
14, 1, 29, 90, 48 
14, 2, 29, 87, 49 
14, 3, 29, 96, 51 
14, 4, 29, 87, 51 
14, 5, 29, 104, 55 
14, 6, 29, 84, 56 
14, 7, 29, 89, 56 
14, 8, 29, 87, 54 
14, 9, 29, 91, 48 
14, 10, 29, 89, 48 
14, 11, 29, 74, 46 
14, 12, 29, 81, 43 
14, 13, 29, 76, 40 
15, 0, 31, 79, 44 
15, 1, 31, 95, 49 
15, 2, 31, 89, 50 
15, 3, 31, 83, 51 
15, 4, 31, 87, 50 
15, 5, 31, 88, 50 
15, 6, 31, 102, 55 
15, 7, 31, 92, 56 
15, 8, 31, 83, 57 
15, 9, 31, 117, 56 
15, 10, 31, 95, 56 
15, 11, 31, 92, 52 
15, 12, 31, 82, 49 
15, 13, 31, 86, 48 
15, 14, 31, 68, 45 
16, 0, 33, 81, 48 
16, 1, 33, 94, 52 
16, 2, 33, 83, 54 
16, 3, 33, 100, 58 
16, 4, 33, 102, 60 
16, 5, 33, 88, 57 
16, 6, 33, 102, 55 
16, 7, 33, 107, 61 
16, 8, 33, 95, 56 
16, 9, 33, 94, 60 
16, 10, 33, 101, 60 
16, 11, 33, 101, 59 
16, 12, 33, 90, 57 
16, 13, 33, 91, 53 
16, 14, 33, 80, 51 
16, 15, 33, 84, 47 
17, 0, 35, 98, 49 
17, 1, 35, 98, 52 
17, 2, 35, 98, 59 
17, 3, 35, 108, 62 
17, 4, 35, 98, 60 
17, 5, 35, 111, 68 
17, 6, 35, 102, 66 
17, 7, 35, 109, 65 
17, 8, 35, 105, 67 
17, 9, 35, 127, 65 
17, 10, 35, 115, 67 
17, 11, 35, 108, 64 
17, 12, 35, 108, 63 
17, 13, 35, 103, 63 
17, 14, 35, 109, 60 
17, 15, 35, 87, 56 
17, 16, 35, 88, 51 
18, 0, 37, 99, 55 
18, 1, 37, 91, 57 
18, 2, 37, 101, 59 
18, 3, 37, 104, 62 
18, 4, 37, 112, 66 
18, 5, 37, 108, 65 
18, 6, 37, 120, 64 
18, 7, 37, 110, 65 
18, 8, 37, 125, 68 
18, 9, 37, 107, 67 
18, 10, 37, 130, 67 
18, 11, 37, 112, 67 
18, 12, 37, 108, 65 
18, 13, 37, 116, 64 
18, 14, 37, 98, 62 
18, 15, 37, 109, 62 
18, 16, 37, 141, 59 
18, 17, 37, 99, 52 
19, 0, 39, 100, 55 
19, 1, 39, 93, 62 
19, 2, 39, 122, 65 
19, 3, 39, 118, 66 
19, 4, 39, 109, 68 
19, 5, 39, 112, 69 
19, 6, 39, 112, 70 
19, 7, 39, 125, 73 
19, 8, 39, 132, 70 
19, 9, 39, 128, 71 
19, 10, 39, 110, 68 
19, 11, 39, 131, 69 
19, 12, 39, 122, 71 
19, 13, 39, 119, 68 
19, 14, 39, 108, 68 
19, 15, 39, 118, 65 
19, 16, 39, 105, 64 
19, 17, 39, 99, 60 
19, 18, 39, 92, 54 
20, 0, 41, 107, 58 
20, 1, 41, 105, 64 
20, 2, 41, 111, 64 
20, 3, 41, 122, 70 
20, 4, 41, 138, 74 
20, 5, 41, 111, 69 
20, 6, 41, 123, 75 
20, 7, 41, 129, 75 
20, 8, 41, 136, 76 
20, 9, 41, 133, 73 
20, 10, 41, 129, 72 
20, 11, 41, 140, 75 
20, 12, 41, 132, 73 
20, 13, 41, 107, 71 
20, 14, 41, 119, 70 
20, 15, 41, 123, 70 
20, 16, 41, 105, 68 
20, 17, 41, 112, 64 
20, 18, 41, 109, 64 
20, 19, 41, 103, 60 
21, 0, 43, 107, 63 
21, 1, 43, 113, 63 
21, 2, 43, 114, 68 
21, 3, 43, 134, 68 
21, 4, 43, 126, 71 
21, 5, 43, 127, 73 
21, 6, 43, 126, 78 
21, 7, 43, 128, 78 
21, 8, 43, 120, 77 
21, 9, 43, 136, 82 
21, 10, 43, 131, 82 
21, 11, 43, 142, 81 
21, 12, 43, 143, 81 
21, 13, 43, 129, 79 
21, 14, 43, 127, 78 
21, 15, 43, 149, 79 
21, 16, 43, 122, 76 
21, 17, 43, 121, 75 
21, 18, 43, 121, 72 
21, 19, 43, 122, 69 
21, 20, 43, 98, 63 
22, 0, 45, 96, 65 
22, 1, 45, 148, 70 
22, 2, 45, 138, 74 
22, 3, 45, 128, 74 
22, 4, 45, 126, 79 
22, 5, 45, 134, 83 
22, 6, 45, 147, 83 
22, 7, 45, 153, 84 
22, 8, 45, 162, 88 
22, 9, 45, 126, 85 
22, 10, 45, 143, 87 
22, 11, 45, 147, 83 
22, 12, 45, 135, 83 
22, 13, 45, 146, 81 
22, 14, 45, 138, 84 
22, 15, 45, 133, 82 
22, 16, 45, 146, 81 
22, 17, 45, 122, 79 
22, 18, 45, 128, 70 
22, 19, 45, 131, 71 
22, 20, 45, 127, 68 
22, 21, 45, 110, 61 
23, 0, 47, 131, 66 
23, 1, 47, 130, 72 
23, 2, 47, 136, 72 
23, 3, 47, 154, 76 
23, 4, 47, 136, 80 
23, 5, 47, 146, 84 
23, 6, 47, 129, 84 
23, 7, 47, 139, 87 
23, 8, 47, 154, 86 
23, 9, 47, 142, 89 
23, 10, 47, 159, 94 
23, 11, 47, 230, 90 
23, 12, 47, 163, 91 
23, 13, 47, 144, 88 
23, 14, 47, 144, 88 
23, 15, 47, 151, 86 
23, 16, 47, 145, 86 
23, 17, 47, 146, 87 
23, 18, 47, 149, 83 
23, 19, 47, 127, 83 
23, 20, 47, 140, 77 
23, 21, 50, 119, 75 
23, 22, 47, 133, 69 
24, 0, 49, 119, 70 
24, 1, 49, 121, 75 
24, 2, 49, 128, 81 
24, 3, 49, 135, 85 
24, 4, 49, 136, 86 
24, 5, 49, 161, 88 
24, 6, 49, 155, 89 
24, 7, 49, 174, 92 
24, 8, 49, 177, 89 
24, 9, 49, 156, 94 
24, 10, 49, 133, 91 
24, 11, 49, 154, 90 
24, 12, 49, 146, 90 
24, 13, 49, 154, 88 
24, 14, 49, 163, 88 
24, 15, 49, 169, 94 
24, 16, 49, 162, 91 
24, 17, 49, 151, 90 
24, 18, 49, 132, 86 
24, 19, 49, 133, 83 
24, 20, 49, 134, 84 
24, 21, 49, 130, 79 
24, 22, 49, 123, 73 
24, 23, 49, 131, 71 
25, 0, 51, 126, 75 
25, 1, 51, 126, 79 
25, 2, 51, 146, 85 
25, 3, 51, 139, 87 
25, 4, 51, 137, 87 
25, 5, 51, 158, 94 
25, 6, 51, 134, 93 
25, 7, 51, 160, 96 
25, 8, 51, 158, 93 
25, 9, 51, 156, 99 
25, 10, 51, 160, 103 
25, 11, 51, 163, 101 
25, 12, 51, 169, 103 
25, 13, 51, 201, 100 
25, 14, 51, 170, 99 
25, 15, 51, 195, 99 
25, 16, 51, 176, 101 
25, 17, 51, 158, 94 
25, 18, 51, 180, 96 
25, 19, 51, 145, 88 
25, 20, 51, 169, 85 
25, 21, 51, 131, 81 
25, 22, 51, 135, 77 
25, 23, 51, 132, 76 
25, 24, 51, 122, 71 
26, 0, 53, 137, 78 
26, 1, 53, 129, 82 
26, 2, 59, 148, 89 
26, 3, 53, 150, 87 
26, 4, 53, 152, 92 
26, 5, 53, 200, 101 
26, 6, 53, 155, 99 
26, 7, 53, 169, 97 
26, 8, 53, 182, 101 
26, 9, 53, 176, 102 
26, 10, 68, 159, 105 
26, 11, 53, 181, 103 
26, 12, 53, 192, 105 
26, 13, 53, 161, 101 
26, 14, 53, 181, 104 
26, 15, 53, 172, 106 
26, 16, 53, 164, 99 
26, 17, 53, 168, 96 
26, 18, 53, 168, 101 
26, 19, 53, 184, 102 
26, 20, 53, 177, 95 
26, 21, 53, 178, 96 
26, 22, 53, 149, 89 
26, 23, 53, 153, 87 
26, 24, 53, 150, 80 
26, 25, 53, 130, 74 
27, 0, 55, 123, 76 
27, 1, 55, 168, 85 
27, 2, 55, 146, 85 
27, 3, 55, 162, 93 
27, 4, 55, 178, 90 
27, 5, 55, 190, 90 
27, 6, 55, 162, 98 
27, 7, 55, 188, 98 
27, 8, 55, 188, 93 
27, 9, 55, 187, 107 
27, 10, 55, 174, 106 
27, 11, 55, 196, 105 
27, 12, 55, 196, 107 
27, 13, 55, 216, 110 
27, 14, 55, 184, 111 
27, 15, 55, 164, 110 
27, 16, 55, 186, 103 
27, 17, 55, 190, 107 
27, 18, 55, 155, 104 
27, 19, 55, 196, 106 
27, 20, 55, 152, 96 
27, 21, 55, 188, 94 
27, 22, 55, 149, 93 
27, 23, 55, 146, 93 
27, 24, 55, 156, 89 
27, 25, 55, 148, 86 
27, 26, 55, 145, 80 
28, 0, 57, 163, 88 
28, 1, 57, 180, 91 
28, 2, 57, 175, 93 
28, 3, 57, 152, 101 
28, 4, 57, 167, 103 
28, 5, 57, 187, 104 
28, 6, 57, 175, 110 
28, 7, 57, 190, 106 
28, 8, 57, 179, 112 
28, 9, 57, 213, 110 
28, 10, 73, 219, 115 
28, 11, 57, 198, 115 
28, 12, 57, 183, 118 
28, 13, 57, 185, 112 
28, 14, 57, 187, 116 
28, 15, 57, 203, 115 
28, 16, 57, 182, 109 
28, 17, 57, 191, 113 
28, 18, 57, 195, 110 
28, 19, 57, 180, 104 
28, 20, 57, 182, 110 
28, 21, 57, 176, 105 
28, 22, 57, 163, 103 
28, 23, 57, 185, 102 
28, 24, 57, 180, 99 
28, 25, 57, 166, 96 
28, 26, 57, 137, 82 
28, 27, 57, 134, 79 
29, 0, 59, 160, 88 
29, 1, 59, 186, 93 
29, 2, 59, 170, 94 
29, 3, 59, 224, 102 
29, 4, 59, 188, 99 
29, 5, 59, 174, 104 
29, 6, 59, 177, 105 
29, 7, 59, 196, 111 
29, 8, 59, 195, 112 
29, 9, 59, 193, 112 
29, 10, 59, 208, 111 
29, 11, 59, 171, 110 
29, 12, 59, 242, 113 
29, 13, 59, 179, 108 
29, 14, 59, 189, 118 
29, 15, 59, 193, 110 
29, 16, 59, 169, 109 
29, 17, 59, 200, 107 
29, 18, 59, 185, 111 
29, 19, 59, 183, 108 
29, 20, 59, 173, 104 
29, 21, 59, 178, 107 
29, 22, 59, 176, 103 
29, 23, 68, 198, 105 
29, 24, 59, 195, 98 
29, 25, 59, 167, 94 
29, 26, 59, 202, 93 
29, 27, 59, 178, 92 
29, 28, 59, 150, 82 
30, 0, 61, 156, 92 
30, 1, 61, 156, 94 
30, 2, 61, 152, 99 
30, 3, 61, 170, 107 
30, 4, 61, 192, 106 
30, 5, 61, 215, 107 
30, 6, 61, 176, 108 
30, 7, 61, 184, 113 
30, 8, 61, 169, 112 
30, 9, 78, 194, 120 
30, 10, 61, 251, 117 
30, 11, 61, 190, 113 
30, 12, 61, 209, 121 
30, 13, 61, 208, 114 
30, 14, 61, 201, 120 
30, 15, 61, 218, 123 
30, 16, 61, 216, 116 
30, 17, 61, 179, 110 
30, 18, 61, 194, 118 
30, 19, 61, 197, 116 
30, 20, 61, 211, 116 
30, 21, 61, 198, 105 
30, 22, 61, 208, 104 
30, 23, 61, 176, 102 
30, 24, 61, 186, 104 
30, 25, 61, 218, 106 
30, 26, 61, 189, 101 
30, 27, 61, 187, 98 
30, 28, 61, 186, 93 
30, 29, 61, 173, 89 
31, 0, 63, 197, 91 
31, 1, 63, 157, 95 
31, 2, 63, 169, 100 
31, 3, 63, 184, 102 
31, 4, 63, 185, 105 
31, 5, 63, 218, 111 
31, 6, 63, 224, 115 
31, 7, 63, 182, 112 
31, 8, 63, 226, 114 
31, 9, 63, 200, 114 
31, 10, 63, 192, 116 
31, 11, 63, 200, 124 
31, 12, 63, 183, 116 
31, 13, 63, 182, 116 
31, 14, 63, 206, 123 
31, 15, 63, 228, 123 
31, 16, 63, 206, 120 
31, 17, 63, 203, 126 
31, 18, 63, 226, 122 
31, 19, 63, 190, 115 
31, 20, 63, 219, 121 
31, 21, 63, 204, 121 
31, 22, 63, 228, 114 
31, 23, 63, 208, 110 
31, 24, 63, 181, 114 
31, 25, 63, 216, 110 
31, 26, 63, 270, 112 
31, 27, 63, 171, 104 
31, 28, 67, 174, 102 
31, 29, 63, 186, 98 
31, 30, 63, 148, 90 
32, 0, 65, 172, 91 
32, 1, 65, 162, 98 
32, 2, 65, 171, 100 
32, 3, 65, 167, 103 
32, 4, 65, 193, 106 
32, 5, 65, 233, 111 
32, 6, 65, 229, 113 
32, 7, 65, 195, 117 
32, 8, 65, 223, 122 
32, 9, 78, 184, 122 
32, 10, 65, 228, 123 
32, 11, 65, 274, 128 
32, 12, 65, 218, 123 
32, 13, 65, 213, 129 
32, 14, 65, 193, 128 
32, 15, 65, 217, 132 
32, 16, 65, 235, 124 
32, 17, 65, 245, 127 
32, 18, 65, 209, 129 
32, 19, 65, 246, 125 
32, 20, 65, 224, 128 
32, 21, 65, 213, 122 
32, 22, 65, 229, 124 
32, 23, 65, 175, 119 
32, 24, 65, 200, 121 
32, 25, 65, 211, 116 
32, 26, 65, 217, 121 
32, 27, 65, 189, 114 
32, 28, 70, 184, 107 
32, 29, 65, 208, 106 
32, 30, 65, 172, 99 
32, 31, 65, 163, 96 
33, 0, 67, 168, 98 
33, 1, 67, 182, 102 
33, 2, 67, 219, 110 
33, 3, 67, 198, 112 
33, 4, 67, 207, 123 
33, 5, 67, 226, 122 
33, 6, 67, 217, 120 
33, 7, 67, 192, 120 
33, 8, 67, 201, 128 
33, 9, 67, 234, 126 
33, 10, 67, 266, 127 
33, 11, 67, 204, 129 
33, 12, 67, 213, 129 
33, 13, 67, 218, 136 
33, 14, 67, 244, 136 
33, 15, 67, 183, 128 
33, 16, 67, 235, 132 
33, 17, 67, 215, 137 
33, 18, 67, 202, 130 
33, 19, 67, 215, 134 
33, 20, 67, 224, 134 
33, 21, 67, 218, 127 
33, 22, 67, 216, 130 
33, 23, 67, 206, 128 
33, 24, 67, 199, 124 
33, 25, 67, 210, 122 
33, 26, 67, 238, 125 
33, 27, 67, 210, 114 
33, 28, 67, 185, 114 
33, 29, 67, 189, 104 
33, 30, 67, 207, 103 
33, 31, 67, 168, 95 
33, 32, 69, 175, 95 
34, 0, 69, 181, 100 
34, 1, 69, 190, 108 
34, 2, 69, 191, 109 
34, 3, 69, 228, 113 
34, 4, 75, 229, 118 
34, 5, 69, 212, 123 
34, 6, 69, 224, 120 
34, 7, 69, 243, 127 
34, 8, 69, 221, 129 
34, 9, 69, 236, 129 
34, 10, 69, 200, 130 
34, 11, 69, 204, 124 
34, 12, 69, 206, 128 
34, 13, 69, 203, 131 
34, 14, 69, 215, 135 
34, 15, 69, 227, 134 
34, 16, 69, 216, 137 
34, 17, 69, 254, 130 
34, 18, 69, 230, 125 
34, 19, 69, 251, 128 
34, 20, 69, 259, 130 
34, 21, 69, 195, 122 
34, 22, 69, 236, 125 
34, 23, 69, 252, 129 
34, 24, 69, 221, 130 
34, 25, 69, 200, 127 
34, 26, 69, 241, 129 
34, 27, 69, 211, 123 
34, 28, 69, 227, 121 
34, 29, 69, 236, 108 
34, 30, 69, 208, 109 
34, 31, 69, 210, 110 
34, 32, 69, 181, 102 
34, 33, 69, 170, 95 
35, 0, 71, 173, 102 
35, 1, 71, 191, 108 
35, 2, 71, 180, 108 
35, 3, 71, 217, 118 
35, 4, 71, 215, 124 
35, 5, 79, 224, 125 
35, 6, 71, 224, 131 
35, 7, 71, 255, 123 
35, 8, 81, 222, 130 
35, 9, 71, 233, 127 
35, 10, 71, 234, 135 
35, 11, 71, 225, 143 
35, 12, 71, 258, 137 
35, 13, 71, 250, 132 
35, 14, 71, 224, 138 
35, 15, 71, 221, 138 
35, 16, 71, 214, 139 
35, 17, 71, 262, 144 
35, 18, 71, 237, 136 
35, 19, 71, 232, 139 
35, 20, 92, 248, 144 
35, 21, 71, 245, 137 
35, 22, 71, 231, 135 
35, 23, 71, 210, 134 
35, 24, 71, 216, 133 
35, 25, 71, 205, 136 
35, 26, 83, 232, 132 
35, 27, 71, 208, 134 
35, 28, 71, 235, 137 
35, 29, 71, 225, 124 
35, 30, 79, 213, 128 
35, 31, 71, 220, 119 
35, 32, 71, 192, 116 
35, 33, 71, 187, 114 
35, 34, 71, 154, 102 
36, 0, 73, 175, 109 
36, 1, 73, 178, 110 
36, 2, 73, 195, 113 
36, 3, 81, 203, 124 
36, 4, 73, 232, 121 
36, 5, 80, 233, 135 
36, 6, 73, 223, 124 
36, 7, 73, 217, 134 
36, 8, 73, 256, 128 
36, 9, 73, 253, 136 
36, 10, 73, 256, 141 
36, 11, 73, 250, 139 
36, 12, 73, 271, 147 
36, 13, 73, 241, 141 
36, 14, 73, 224, 141 
36, 15, 73, 230, 149 
36, 16, 73, 270, 142 
36, 17, 73, 253, 144 
36, 18, 73, 231, 143 
36, 19, 73, 247, 142 
36, 20, 73, 242, 139 
36, 21, 73, 214, 138 
36, 22, 73, 228, 139 
36, 23, 90, 243, 138 
36, 24, 73, 277, 139 
36, 25, 73, 246, 133 
36, 26, 73, 238, 134 
36, 27, 73, 230, 133 
36, 28, 73, 249, 129 
36, 29, 73, 230, 133 
36, 30, 73, 235, 125 
36, 31, 73, 269, 123 
36, 32, 73, 211, 116 
36, 33, 73, 233, 116 
36, 34, 73, 201, 110 
36, 35, 73, 187, 105 
37, 0, 75, 182, 108 
37, 1, 75, 199, 116 
37, 2, 79, 194, 120 
37, 3, 75, 241, 118 
37, 4, 75, 261, 126 
37, 5, 75, 226, 127 
37, 6, 75, 237, 129 
37, 7, 75, 258, 134 
37, 8, 75, 220, 132 
37, 9, 75, 269, 137 
37, 10, 75, 228, 138 
37, 11, 75, 251, 140 
37, 12, 75, 285, 146 
37, 13, 75, 238, 151 
37, 14, 75, 245, 150 
37, 15, 75, 234, 148 
37, 16, 75, 274, 156 
37, 17, 75, 229, 143 
37, 18, 75, 243, 151 
37, 19, 75, 250, 150 
37, 20, 75, 252, 148 
37, 21, 75, 228, 150 
37, 22, 75, 260, 151 
37, 23, 75, 265, 150 
37, 24, 75, 244, 143 
37, 25, 90, 227, 144 
37, 26, 75, 236, 141 
37, 27, 75, 233, 145 
37, 28, 75, 224, 142 
37, 29, 75, 239, 140 
37, 30, 75, 257, 132 
37, 31, 75, 242, 131 
37, 32, 75, 214, 133 
37, 33, 75, 195, 122 
37, 34, 75, 205, 119 
37, 35, 75, 186, 120 
37, 36, 75, 217, 111 
38, 0, 77, 194, 113 
38, 1, 77, 217, 119 
38, 2, 77, 268, 123 
38, 3, 83, 214, 125 
38, 4, 77, 211, 127 
38, 5, 77, 236, 137 
38, 6, 77, 216, 139 
38, 7, 77, 236, 138 
38, 8, 77, 256, 138 
38, 9, 77, 250, 138 
38, 10, 77, 259, 144 
38, 11, 93, 250, 147 
38, 12, 77, 275, 149 
38, 13, 77, 268, 151 
38, 14, 77, 271, 146 
38, 15, 77, 273, 149 
38, 16, 77, 233, 148 
38, 17, 77, 246, 150 
38, 18, 99, 226, 154 
38, 19, 77, 285, 152 
38, 20, 77, 290, 150 
38, 21, 77, 240, 148 
38, 22, 77, 243, 141 
38, 23, 77, 243, 146 
38, 24, 77, 232, 146 
38, 25, 77, 248, 148 
38, 26, 90, 239, 150 
38, 27, 93, 256, 145 
38, 28, 77, 282, 144 
38, 29, 77, 259, 143 
38, 30, 77, 220, 134 
38, 31, 77, 205, 134 
38, 32, 77, 238, 135 
38, 33, 77, 212, 127 
38, 34, 77, 218, 122 
38, 35, 77, 244, 128 
38, 36, 80, 242, 121 
38, 37, 77, 196, 108 
39, 0, 81, 180, 115 
39, 1, 79, 218, 119 
39, 2, 79, 251, 127 
39, 3, 79, 242, 131 
39, 4, 79, 228, 130 
39, 5, 79, 240, 131 
39, 6, 79, 249, 142 
39, 7, 79, 249, 134 
39, 8, 79, 248, 139 
39, 9, 79, 258, 137 
39, 10, 79, 248, 142 
39, 11, 79, 249, 146 
39, 12, 79, 252, 149 
39, 13, 79, 242, 146 
39, 14, 79, 259, 148 
39, 15, 79, 237, 152 
39, 16, 79, 288, 164 
39, 17, 79, 259, 153 
39, 18, 104, 258, 164 
39, 19, 79, 259, 158 
39, 20, 79, 259, 157 
39, 21, 99, 291, 158 
39, 22, 99, 244, 157 
39, 23, 79, 252, 151 
39, 24, 79, 305, 161 
39, 25, 79, 251, 160 
39, 26, 79, 263, 156 
39, 27, 93, 261, 155 
39, 28, 79, 246, 157 
39, 29, 79, 263, 151 
39, 30, 79, 308, 147 
39, 31, 91, 260, 145 
39, 32, 79, 253, 138 
39, 33, 79, 223, 144 
39, 34, 79, 223, 134 
39, 35, 79, 208, 128 
39, 36, 79, 205, 126 
39, 37, 79, 222, 124 
39, 38, 79, 233, 117 
40, 0, 81, 264, 125 
40, 1, 81, 231, 132 
40, 2, 81, 247, 137 
40, 3, 81, 199, 143 
40, 4, 81, 238, 141 
40, 5, 81, 274, 146 
40, 6, 81, 303, 146 
40, 7, 81, 235, 144 
40, 8, 98, 231, 150 
40, 9, 81, 258, 151 
40, 10, 81, 292, 160 
40, 11, 81, 247, 157 
40, 12, 81, 296, 159 
40, 13, 81, 286, 162 
40, 14, 81, 264, 161 
40, 15, 81, 288, 161 
40, 16, 81, 311, 171 
40, 17, 81, 329, 169 
40, 18, 81, 261, 165 
40, 19, 81, 262, 162 
40, 20, 81, 258, 163 
40, 21, 81, 264, 158 
40, 22, 106, 313, 175 
40, 23, 81, 265, 162 
40, 24, 81, 281, 164 
40, 25, 81, 285, 162 
40, 26, 81, 308, 166 
40, 27, 81, 259, 168 
40, 28, 81, 296, 158 
40, 29, 81, 280, 156 
40, 30, 81, 297, 156 
40, 31, 81, 252, 154 
40, 32, 81, 276, 154 
40, 33, 81, 276, 147 
40, 34, 81, 257, 140 
40, 35, 81, 240, 141 
40, 36, 81, 238, 138 
40, 37, 81, 222, 121 
40, 38, 81, 244, 124 
40, 39, 81, 203, 112 
41, 0, 85, 196, 126 
41, 1, 83, 239, 135 
41, 2, 83, 237, 134 
41, 3, 83, 228, 144 
41, 4, 83, 258, 141 
41, 5, 83, 240, 147 
41, 6, 83, 274, 154 
41, 7, 83, 230, 148 
41, 8, 83, 264, 160 
41, 9, 83, 253, 154 
41, 10, 83, 264, 159 
41, 11, 83, 292, 161 
41, 12, 83, 320, 167 
41, 13, 104, 262, 168 
41, 14, 83, 290, 157 
41, 15, 83, 295, 160 
41, 16, 83, 267, 163 
41, 17, 83, 314, 166 
41, 18, 83, 306, 170 
41, 19, 83, 286, 174 
41, 20, 83, 272, 168 
41, 21, 83, 363, 170 
41, 22, 83, 310, 171 
41, 23, 83, 283, 175 
41, 24, 83, 264, 167 
41, 25, 83, 299, 170 
41, 26, 83, 266, 163 
41, 27, 83, 260, 164 
41, 28, 83, 258, 164 
41, 29, 83, 260, 163 
41, 30, 83, 273, 157 
41, 31, 83, 253, 160 
41, 32, 83, 257, 155 
41, 33, 83, 246, 149 
41, 34, 83, 269, 153 
41, 35, 90, 250, 148 
41, 36, 83, 274, 132 
41, 37, 83, 249, 130 
41, 38, 83, 227, 125 
41, 39, 83, 238, 126 
41, 40, 83, 206, 118 
42, 0, 85, 195, 125 
42, 1, 85, 230, 134 
42, 2, 85, 236, 136 
42, 3, 85, 291, 140 
42, 4, 85, 266, 147 
42, 5, 85, 271, 146 
42, 6, 85, 263, 153 
42, 7, 99, 256, 159 
42, 8, 85, 281, 162 
42, 9, 85, 241, 166 
42, 10, 85, 328, 158 
42, 11, 85, 258, 159 
42, 12, 85, 324, 169 
42, 13, 85, 343, 167 
42, 14, 85, 243, 164 
42, 15, 108, 292, 170 
42, 16, 85, 318, 174 
42, 17, 85, 274, 175 
42, 18, 85, 285, 172 
42, 19, 85, 305, 175 
42, 20, 110, 290, 176 
42, 21, 85, 321, 169 
42, 22, 85, 272, 168 
42, 23, 85, 321, 178 
42, 24, 85, 279, 172 
42, 25, 85, 319, 169 
42, 26, 85, 278, 164 
42, 27, 85, 269, 167 
42, 28, 85, 279, 167 
42, 29, 85, 278, 161 
42, 30, 102, 336, 167 
42, 31, 85, 272, 156 
42, 32, 85, 245, 158 
42, 33, 85, 271, 140 
42, 34, 94, 259, 146 
42, 35, 85, 235, 144 
42, 36, 85, 233, 148 
42, 37, 85, 248, 132 
42, 38, 85, 293, 134 
42, 39, 85, 242, 134 
42, 40, 85, 241, 126 
42, 41, 85, 182, 114 
43, 0, 87, 210, 121 
43, 1, 87, 282, 129 
43, 2, 93, 267, 144 
43, 3, 87, 270, 147 
43, 4, 87, 370, 156 
43, 5, 87, 300, 153 
43, 6, 87, 270, 156 
43, 7, 87, 318, 162 
43, 8, 87, 286, 165 
43, 9, 87, 333, 156 
43, 10, 87, 302, 168 
43, 11, 87, 288, 169 
43, 12, 87, 318, 181 
43, 13, 87, 314, 172 
43, 14, 108, 292, 176 
43, 15, 87, 315, 180 
43, 16, 87, 291, 178 
43, 17, 87, 303, 178 
43, 18, 87, 316, 179 
43, 19, 111, 314, 181 
43, 20, 115, 315, 192 
43, 21, 87, 316, 179 
43, 22, 87, 330, 183 
43, 23, 87, 307, 178 
43, 24, 87, 285, 181 
43, 25, 87, 295, 176 
43, 26, 87, 314, 185 
43, 27, 105, 350, 178 
43, 28, 108, 319, 178 
43, 29, 87, 312, 170 
43, 30, 87, 255, 170 
43, 31, 87, 269, 171 
43, 32, 87, 299, 177 
43, 33, 87, 320, 178 
43, 34, 87, 372, 166 
43, 35, 87, 270, 158 
43, 36, 87, 296, 153 
43, 37, 87, 269, 153 
43, 38, 87, 281, 147 
43, 39, 87, 270, 149 
43, 40, 87, 272, 146 
43, 41, 87, 269, 133 
43, 42, 87, 232, 133 
44, 0, 89, 224, 129 
44, 1, 89, 230, 137 
44, 2, 89, 240, 132 
44, 3, 89, 262, 147 
44, 4, 89, 243, 143 
44, 5, 89, 299, 147 
44, 6, 103, 303, 157 
44, 7, 103, 263, 158 
44, 8, 89, 283, 159 
44, 9, 89, 322, 166 
44, 10, 89, 249, 159 
44, 11, 89, 265, 160 
44, 12, 89, 297, 175 
44, 13, 106, 275, 178 
44, 14, 89, 265, 168 
44, 15, 89, 307, 169 
44, 16, 89, 313, 172 
44, 17, 89, 281, 170 
44, 18, 114, 290, 173 
44, 19, 89, 271, 175 
44, 20, 89, 332, 174 
44, 21, 89, 381, 170 
44, 22, 89, 291, 173 
44, 23, 89, 274, 174 
44, 24, 89, 295, 177 
44, 25, 89, 288, 172 
44, 26, 89, 324, 184 
44, 27, 89, 292, 175 
44, 28, 89, 311, 167 
44, 29, 89, 299, 172 
44, 30, 89, 313, 173 
44, 31, 89, 257, 174 
44, 32, 89, 262, 168 
44, 33, 89, 294, 169 
44, 34, 89, 276, 158 
44, 35, 89, 246, 160 
44, 36, 89, 238, 157 
44, 37, 89, 246, 156 
44, 38, 89, 289, 156 
44, 39, 97, 265, 154 
44, 40, 89, 274, 142 
44, 41, 95, 218, 140 
44, 42, 89, 231, 136 
44, 43, 89, 206, 129 
45, 0, 91, 261, 124 
45, 1, 96, 237, 142 
45, 2, 91, 245, 135 
45, 3, 91, 287, 149 
45, 4, 91, 274, 149 
45, 5, 91, 249, 152 
45, 6, 91, 270, 154 
45, 7, 91, 317, 156 
45, 8, 91, 258, 158 
45, 9, 91, 268, 156 
45, 10, 91, 287, 163 
45, 11, 106, 293, 166 
45, 12, 91, 279, 163 
45, 13, 112, 284, 171 
45, 14, 91, 295, 174 
45, 15, 111, 306, 180 
45, 16, 91, 282, 176 
45, 17, 114, 306, 188 
45, 18, 115, 332, 183 
45, 19, 91, 273, 176 
45, 20, 91, 321, 186 
45, 21, 119, 323, 172 
45, 22, 91, 388, 182 
45, 23, 91, 361, 184 
45, 24, 91, 254, 176 
45, 25, 91, 320, 183 
45, 26, 91, 378, 190 
45, 27, 91, 310, 180 
45, 28, 91, 284, 180 
45, 29, 130, 295, 189 
45, 30, 91, 290, 182 
45, 31, 91, 350, 190 
45, 32, 91, 307, 170 
45, 33, 91, 287, 177 
45, 34, 91, 250, 166 
45, 35, 91, 290, 165 
45, 36, 91, 278, 165 
45, 37, 91, 270, 159 
45, 38, 91, 295, 165 
45, 39, 91, 262, 156 
45, 40, 91, 273, 155 
45, 41, 91, 255, 153 
45, 42, 91, 355, 150 
45, 43, 91, 256, 137 
45, 44, 91, 219, 137 
46, 0, 93, 255, 141 
46, 1, 93, 265, 147 
46, 2, 93, 257, 148 
46, 3, 93, 280, 154 
46, 4, 93, 348, 163 
46, 5, 93, 277, 166 
46, 6, 93, 263, 161 
46, 7, 93, 370, 170 
46, 8, 93, 359, 169 
46, 9, 93, 321, 174 
46, 10, 93, 445, 180 
46, 11, 93, 323, 189 
46, 12, 93, 315, 180 
46, 13, 93, 327, 180 
46, 14, 93, 365, 190 
46, 15, 93, 293, 182 
46, 16, 93, 309, 188 
46, 17, 93, 318, 188 
46, 18, 93, 332, 189 
46, 19, 93, 350, 194 
46, 20, 93, 297, 184 
46, 21, 93, 349, 193 
46, 22, 119, 293, 189 
46, 23, 93, 320, 193 
46, 24, 93, 300, 194 
46, 25, 93, 326, 195 
46, 26, 93, 346, 184 
46, 27, 93, 348, 190 
46, 28, 114, 308, 188 
46, 29, 93, 313, 188 
46, 30, 93, 276, 186 
46, 31, 93, 293, 189 
46, 32, 93, 272, 176 
46, 33, 93, 288, 182 
46, 34, 93, 302, 188 
46, 35, 107, 332, 181 
46, 36, 104, 293, 176 
46, 37, 93, 300, 171 
46, 38, 93, 295, 179 
46, 39, 93, 280, 169 
46, 40, 93, 317, 169 
46, 41, 93, 295, 159 
46, 42, 93, 285, 158 
46, 43, 93, 271, 152 
46, 44, 93, 251, 147 
46, 45, 93, 233, 128 
47, 0, 95, 240, 140 
47, 1, 95, 266, 146 
47, 2, 95, 253, 151 
47, 3, 95, 261, 158 
47, 4, 95, 271, 157 
47, 5, 95, 280, 164 
47, 6, 95, 322, 169 
47, 7, 95, 298, 169 
47, 8, 95, 327, 176 
47, 9, 95, 288, 168 
47, 10, 95, 313, 184 
47, 11, 95, 335, 187 
47, 12, 95, 303, 176 
47, 13, 95, 306, 179 
47, 14, 95, 267, 178 
47, 15, 95, 320, 191 
47, 16, 95, 293, 183 
47, 17, 95, 339, 196 
47, 18, 95, 334, 187 
47, 19, 95, 311, 188 
47, 20, 95, 294, 184 
47, 21, 95, 355, 198 
47, 22, 95, 319, 183 
47, 23, 95, 324, 193 
47, 24, 95, 326, 187 
47, 25, 95, 338, 184 
47, 26, 95, 329, 187 
47, 27, 122, 373, 188 
47, 28, 95, 284, 183 
47, 29, 95, 339, 182 
47, 30, 95, 354, 184 
47, 31, 95, 336, 179 
47, 32, 95, 296, 177 
47, 33, 95, 327, 176 
47, 34, 95, 333, 186 
47, 35, 95, 331, 172 
47, 36, 95, 310, 171 
47, 37, 95, 307, 176 
47, 38, 95, 282, 169 
47, 39, 95, 294, 170 
47, 40, 95, 287, 166 
47, 41, 95, 322, 162 
47, 42, 106, 250, 160 
47, 43, 95, 287, 146 
47, 44, 101, 297, 153 
47, 45, 95, 261, 142 
47, 46, 95, 259, 139 
48, 0, 97, 248, 148 
48, 1, 97, 299, 164 
48, 2, 97, 276, 160 
48, 3, 97, 321, 164 
48, 4, 97, 301, 172 
48, 5, 97, 260, 170 
48, 6, 97, 288, 170 
48, 7, 97, 296, 176 
48, 8, 97, 294, 185 
48, 9, 115, 324, 190 
48, 10, 97, 371, 183 
48, 11, 97, 308, 185 
48, 12, 97, 336, 191 
48, 13, 97, 339, 198 
48, 14, 97, 375, 192 
48, 15, 114, 312, 194 
48, 16, 97, 430, 196 
48, 17, 97, 365, 187 
48, 18, 123, 344, 197 
48, 19, 97, 356, 197 
48, 20, 97, 331, 191 
48, 21, 97, 320, 199 
48, 22, 97, 390, 216 
48, 23, 97, 344, 198 
48, 24, 97, 321, 200 
48, 25, 97, 346, 204 
48, 26, 97, 323, 202 
48, 27, 97, 357, 197 
48, 28, 122, 331, 204 
48, 29, 97, 385, 207 
48, 30, 97, 380, 194 
48, 31, 97, 312, 200 
48, 32, 97, 307, 196 
48, 33, 97, 402, 199 
48, 34, 97, 296, 192 
48, 35, 97, 272, 182 
48, 36, 97, 352, 191 
48, 37, 97, 349, 190 
48, 38, 97, 337, 191 
48, 39, 97, 357, 185 
48, 40, 97, 417, 182 
48, 41, 97, 343, 172 
48, 42, 97, 313, 171 
48, 43, 97, 263, 164 
48, 44, 97, 280, 166 
48, 45, 97, 268, 149 
48, 46, 97, 267, 140 
48, 47, 97, 247, 132 
49, 0, 99, 263, 140 
49, 1, 99, 286, 147 
49, 2, 99, 290, 151 
49, 3, 99, 239, 157 
49, 4, 99, 325, 167 
49, 5, 99, 337, 160 
49, 6, 112, 272, 165 
49, 7, 99, 287, 161 
49, 8, 112, 291, 174 
49, 9, 112, 351, 179 
49, 10, 99, 312, 176 
49, 11, 99, 299, 173 
49, 12, 99, 308, 177 
49, 13, 99, 297, 184 
49, 14, 99, 311, 187 
49, 15, 99, 311, 191 
49, 16, 99, 330, 188 
49, 17, 99, 329, 198 
49, 18, 128, 322, 199 
49, 19, 99, 325, 195 
49, 20, 124, 343, 206 
49, 21, 99, 324, 199 
49, 22, 99, 315, 192 
49, 23, 99, 350, 200 
49, 24, 99, 330, 195 
49, 25, 130, 342, 204 
49, 26, 99, 416, 204 
49, 27, 99, 353, 210 
49, 28, 99, 340, 200 
49, 29, 132, 363, 199 
49, 30, 99, 302, 194 
49, 31, 99, 334, 193 
49, 32, 99, 389, 198 
49, 33, 99, 303, 196 
49, 34, 99, 310, 197 
49, 35, 99, 337, 182 
49, 36, 99, 351, 198 
49, 37, 99, 354, 190 
49, 38, 99, 309, 186 
49, 39, 99, 334, 182 
49, 40, 99, 298, 189 
49, 41, 99, 301, 176 
49, 42, 99, 268, 177 
49, 43, 99, 294, 174 
49, 44, 105, 279, 166 
49, 45, 99, 296, 158 
49, 46, 99, 290, 161 
49, 47, 103, 281, 156 
49, 48, 99, 280, 159 
50, 0, 101, 316, 152 
50, 1, 101, 270, 158 
50, 2, 101, 286, 163 
50, 3, 101, 265, 163 
50, 4, 101, 292, 168 
50, 5, 101, 322, 172 
50, 6, 101, 336, 179 
50, 7, 101, 332, 187 
50, 8, 101, 296, 175 
50, 9, 101, 304, 182 
50, 10, 101, 350, 188 
50, 11, 101, 353, 188 
50, 12, 101, 331, 196 
50, 13, 101, 339, 190 
50, 14, 120, 341, 191 
50, 15, 120, 352, 205 
50, 16, 101, 377, 199 
50, 17, 101, 382, 198 
50, 18, 101, 381, 195 
50, 19, 101, 370, 205 
50, 20, 101, 332, 201 
50, 21, 101, 332, 208 
50, 22, 101, 353, 194 
50, 23, 101, 362, 202 
50, 24, 101, 299, 187 
50, 25, 101, 307, 193 
50, 26, 101, 373, 206 
50, 27, 101, 366, 189 
50, 28, 101, 357, 192 
50, 29, 101, 327, 202 
50, 30, 101, 375, 198 
50, 31, 101, 337, 195 
50, 32, 101, 390, 198 
50, 33, 101, 297, 188 
50, 34, 101, 309, 182 
50, 35, 101, 354, 194 
50, 36, 101, 324, 190 
50, 37, 101, 381, 192 
50, 38, 101, 425, 187 
50, 39, 101, 303, 184 
50, 40, 101, 295, 179 
50, 41, 101, 279, 174 
50, 42, 101, 301, 178 
50, 43, 101, 323, 167 
50, 44, 101, 362, 179 
50, 45, 101, 283, 167 
50, 46, 101, 312, 159 
50, 47, 101, 272, 160 
50, 48, 101, 279, 155 
50, 49, 101, 281, 148 
